Workbook
Name age: #REF!
Name count: #REF!
Name worth: #REF!

Sheet Dashboard
B25: Task ID | C25: Task Name | D25: Team | E25: Task Owner | F25: Start Date | G25: Due Date | H25: Task Duration | I25: Status | J25: Overdue? | K25: Comments | L25: Priority
B26: T001 | C26: Prepare Q4 Financial Report | D26: Finance | E26: Sarah Johnson | F26: 46055 | G26: 46073 | H26: =G26-F26 -> 18 | I26: Completed | J26: =AND(I26<>"Completed",G26<TODAY()) -> FALSE | K26: Submitted to CFO for review. | L26: High
B27: T002 | C27: Conduct Market Research | D27: Strategy | E27: Sarah Johnson | F27: 46056 | G27: 46076 | H27: =G27-F27 -> 20 | I27: Completed | J27: =AND(I27<>"Completed",G27 < TODAY()) -> FALSE | K27: Draft findings ready; awaiting survey data. | L27: Medium
B28: T003 | C28: Redesign Website Homepage | D28: Strategy | E28: David Kim | F28: 46060 | G28: 46081 | H28: =G28-F28 -> 21 | I28: In Progress | J28: =AND(I28<>"Completed",G28 < TODAY()) -> TRUE | K28: Wireframes approved; development in progress. | L28: Low
B29: T004 | C29: Update Sales Forecast for FY2026 | D29: Finance | E29: Sarah Johnson | F29: 46065 | G29: 46081 | H29: =G29-F29 -> 16 | I29: Completed | J29: =AND(I29<>"Completed",G29 < TODAY()) -> FALSE | K29: Final version shared with Sales Director. | L29: Low
B30: T005 | C30: Implement CRM Upgrade | D30: Strategy | E30: James Miller | F30: 46071 | G30: 46081 | H30: =G30-F30 -> 10 | I30: In Progress | J30: =AND(I30<>"Completed",G30 < TODAY()) -> TRUE | K30: Vendor confirmed delivery timeline. | L30: Low
B31: T006 | C31: Plan Annual Company Retreat | D31: HR | E31: David Kim | F31: 46073 | G31: 46078 | H31: =G31-F31 -> 5 | I31: In Progress | J31: =AND(I31<>"Completed",G31 < TODAY()) -> TRUE | K31: Venue options being shortlisted. | L31: Low
B32: T007 | C32: Review Legal for Contracts | D32: HR | E32: Alex Chen | F32: 46076 | G32: 46079 | H32: =G32-F32 -> 3 | I32: Not Started | J32: =AND(I32<>"Completed",G32 < TODAY()) -> TRUE | K32: Updated contracts aligned with new regulation. | L32: Medium
B33: T008 | C33: Launch Social Media Campaign | D33: Marketing | E33: Alex Chen | F33: 46076 | G33: 46081 | H33: =G33-F33 -> 5 | I33: In Progress | J33: =AND(I33<>"Completed",G33 < TODAY()) -> TRUE | K33: Initial creatives approved, campaign scheduled. | L33: High
B34: T009 | C34: Recruit New Data Analyst | D34: HR | E34: Sarah Johnson | F34: 46083 | G34: 46095 | H34: =G34-F34 -> 12 | I34: Completed | J34: =AND(I34<>"Completed",G34 < TODAY()) -> FALSE | K34: First round of interviews completed. | L34: Medium
B35: T010 | C35: Conduct Employee Survey | D35: HR | E35: Sarah Johnson | F35: 46086 | G35: 46091 | H35: =G35-F35 -> 5 | I35: In Progress | J35: =AND(I35<>"Completed",G35 < TODAY()) -> TRUE | K35: Survey questions finalized. | L35: Low
B36: T011 | C36: Prepare Investor Presentation | D36: Finance | E36: David Kim | F36: 46088 | G36: 46099 | H36: =G36-F36 -> 11 | I36: Completed | J36: =AND(I36<>"Completed",G36 < TODAY()) -> FALSE | K36: Draft slides ready; awaiting financial highlights. | L36: High
B37: T012 | C37: Upgrade Infrastructure | D37: Strategy | E37: Sarah Johnson | F37: 46092 | G37: 46101 | H37: =G37-F37 -> 9 | I37: Completed | J37: =AND(I37<>"Completed",G37 < TODAY()) -> FALSE | K37: External consultant engagement pending. | L37: Medium
B38: T013 | C38: Evaluate Vendor Proposals for Logistics | D38: Strategy | E38: Emily Davis | F38: 46094 | G38: 46105 | H38: =G38-F38 -> 11 | I38: In Progress | J38: =AND(I38<>"Completed",G38 < TODAY()) -> FALSE | K38: Three proposals shortlisted for management review. | L38: High
... B40: T015 | C40: Audit Internal Expense Reports | D40: Finance | E40: Emily Davis | F40: 46097 | G40: 46111 | H40: =G40-F40 -> 14 | I40: Not Started | J40: =AND(I40<>"Completed",G40 < TODAY()) -> FALSE | K40: Waiting for submission of all departmental reports. | L40: High

Sheet Support Sheet
B2: Status | C2: Count | E2: Owners | F2: Count | H2: Team | I2: Count | K2: Overdue | L2: Priority | M2: Count | N2: Due Today | P2: Date Today
B3: Completed | C3: =COUNTIF(Dashboard!I26:I40,'Support Sheet'!B3) -> 6 | E3: Sarah Johnson | F3: {=COUNTIF(Dashboard!E26:E40,'Support Sheet'!E3:E7)} -> 6 | H3: Finance | I3: {=COUNTIF(Dashboard!D26:D40,'Support Sheet'!H3:H6)} -> 4 | K3: =COUNTIF(Dashboard!J26:J40,TRUE) -> 6 | L3: High | M3: =COUNTIF(Dashboard!L26:L40,'Support Sheet'!L3) -> 6 | N3: =COUNTIF(Dashboard!G26:G40,TODAY()) -> 0 | P3: =TODAY() -> 46094
B4: In Progress | C4: =COUNTIF(Dashboard!I27:I40,'Support Sheet'!B4) -> 7 | E4: David Kim | F4: 3 | H4: Strategy | I4: 6 | L4: Medium | M4: =COUNTIF(Dashboard!L27:L40,'Support Sheet'!L4) -> 4
B5: Not Started | C5: =COUNTIF(Dashboard!I28:I40,'Support Sheet'!B5) -> 2 | E5: James Miller | F5: 1 | H5: HR | I5: 4 | L5: Low | M5: =COUNTIF(Dashboard!L28:L40,'Support Sheet'!L5) -> 5
B6: Total | C6: =SUM(C3:C5) -> 15 | E6: Alex Chen | F6: 2 | H6: Marketing | I6: 1 | L6: Total
E7: Emily Davis | F7: 3
